{
  "Female_20-39_Dark": {
    "far": 0.7192982329947679,
    "frr": 0.0
  },
  "Male_40-59_Medium": {
    "far": 0.8749999453125034,
    "frr": 0.0
  },
  "Female_40-59_Light": {
    "far": 0.6956521436672981,
    "frr": 0.0
  },
  "Female_20-39_Medium": {
    "far": 0.7662337562826785,
    "frr": 0.399999920000016
  },
  "Male_40-59_Dark": {
    "far": 0.7419354599375658,
    "frr": 0.0
  },
  "Male_20-39_Light": {
    "far": 0.7169811185475261,
    "frr": 0.0
  },
  "Female_60+_Light": {
    "far": 0.8823529152249143,
    "frr": 0.0
  },
  "Male_0-19_Medium": {
    "far": 0.9473683711911383,
    "frr": 0.0
  },
  "Male_0-19_Dark": {
    "far": 0.7333332844444478,
    "frr": 0.0
  },
  "Male_20-39_Dark": {
    "far": 0.727272714049587,
    "frr": 0.0
  },
  "Male_20-39_Medium": {
    "far": 0.7916666556712965,
    "frr": 0.22222219753086697
  },
  "Female_20-39_Light": {
    "far": 0.8688524447729108,
    "frr": 0.0
  },
  "Male_0-19_Light": {
    "far": 0.9230768875739658,
    "frr": 0.9999990000010001
  },
  "Female_0-19_Dark": {
    "far": 0.7368420664819965,
    "frr": 0.0
  },
  "Female_0-19_Medium": {
    "far": 0.8965516932223554,
    "frr": 0.0
  },
  "Male_60+_Medium": {
    "far": 0.9230768520710114,
    "frr": 0.0
  },
  "Male_40-59_Light": {
    "far": 0.7968749875488284,
    "frr": 0.0
  },
  "Male_60+_Light": {
    "far": 0.7837837626004389,
    "frr": 0.0
  },
  "Female_40-59_Dark": {
    "far": 0.6666665555555741,
    "frr": 0.0
  },
  "Female_0-19_Light": {
    "far": 0.8888888641975317,
    "frr": 0.0
  },
  "Male_60+_Dark": {
    "far": 0.6249999218750099,
    "frr": 0.0
  },
  "Female_40-59_Medium": {
    "far": 0.8181817438016598,
    "frr": 0.0
  },
  "Female_60+_Medium": {
    "far": 0.6666665555555741,
    "frr": 0.0
  },
  "Female_60+_Dark": {
    "far": 0.9999996666667778,
    "frr": 0.0
  },
  "overall": {
    "far": 0.7950713348961461,
    "frr": 0.17241378715814526
  }
}