{
  "Female_20-39_Light": {
    "far": 0.793103434601665,
    "frr": 0.0
  },
  "Female_20-39_Medium": {
    "far": 0.8421052520775625,
    "frr": 0.0
  },
  "Female_20-39_Dark": {
    "far": 0.6730769101331364,
    "frr": 0.0
  },
  "Male_20-39_Medium": {
    "far": 0.7285714181632654,
    "frr": 0.99999950000025
  },
  "Male_40-59_Light": {
    "far": 0.7017543736534321,
    "frr": 0.0
  },
  "Female_0-19_Medium": {
    "far": 0.7931034209274682,
    "frr": 0.0
  },
  "Female_40-59_Light": {
    "far": 0.8695651795841226,
    "frr": 0.0
  },
  "Male_60+_Dark": {
    "far": 0.7499999062500118,
    "frr": 0.0
  },
  "Male_20-39_Dark": {
    "far": 0.6666666535947715,
    "frr": 0.9999990000010001
  },
  "Male_0-19_Dark": {
    "far": 0.8235293633218022,
    "frr": 0.0
  },
  "Female_0-19_Dark": {
    "far": 0.8235293875432533,
    "frr": 0.9999990000010001
  },
  "Male_20-39_Light": {
    "far": 0.7868852330018815,
    "frr": 0.6666664444445185
  },
  "Female_40-59_Medium": {
    "far": 0.9285713622449028,
    "frr": 0.0
  },
  "Male_0-19_Medium": {
    "far": 0.8695651795841226,
    "frr": 0.0
  },
  "Female_60+_Light": {
    "far": 0.6923076656804744,
    "frr": 0.0
  },
  "Female_0-19_Light": {
    "far": 0.7608695486767489,
    "frr": 0.0
  },
  "Male_40-59_Dark": {
    "far": 0.6785714043367356,
    "frr": 0.0
  },
  "Male_40-59_Medium": {
    "far": 0.7999999680000013,
    "frr": 0.0
  },
  "Male_60+_Light": {
    "far": 0.8076922766272201,
    "frr": 0.0
  },
  "Male_0-19_Light": {
    "far": 0.8888888559670793,
    "frr": 0.0
  },
  "Male_60+_Medium": {
    "far": 0.9374999414062536,
    "frr": 0.9999990000010001
  },
  "Female_40-59_Dark": {
    "far": 0.8749998906250137,
    "frr": 0.0
  },
  "Female_60+_Dark": {
    "far": 0.99999950000025,
    "frr": 0.0
  },
  "Female_60+_Medium": {
    "far": 0.99999950000025,
    "frr": 0.0
  },
  "overall": {
    "far": 0.7766367127385921,
    "frr": 0.3333333174603182
  }
}